bpm,temp,Oxyg,motion,State
117.5,36.78,94.9,3.1,Stress/Panic
57.3,36.37,97.4,0.7,Sleeping
76.7,36.62,80.8,1.4,Hypoxia
57.3,36.51,96.2,0.6,Sleeping
58.3,36.35,96.9,0.5,Sleeping
61.1,36.71,97,0.6,Meditation
144.9,37.49,94.7,9,Running
103.2,37.26,97,2.1,Post-Workout
113,37.03,91.7,9.5,Seizure
111.3,36.88,95,3.5,Stress/Panic
104.9,37.3,97.5,1.8,Post-Workout
158.6,37.61,95.2,9,Running
73.2,36.76,97.8,2.2,Awake/Idle
117.7,36.95,92.1,9.3,Seizure
46.8,35.95,91.7,0.5,Fainting
56.8,36.29,97.5,0.5,Sleeping
58,36.45,97.5,0.4,Sleeping
108.8,37.21,97.5,2.4,Post-Workout
58.3,36.35,96.9,0.6,Sleeping
92.8,36.9,97.9,5.4,Walking
61.6,36.68,97.4,0.5,Meditation
107.8,37.26,97.4,2.4,Post-Workout
46.1,36.05,90.6,0.6,Fainting
59.5,36.36,96.9,0.5,Sleeping
82.5,36.48,78.1,1.1,Hypoxia
60.6,36.65,97.4,0.7,Meditation
59.1,36.72,96.8,0.7,Meditation
60.6,36.68,97.6,0.5,Meditation
58.3,36.7,97.7,0.7,Meditation
111.5,36.94,91.4,9.6,Seizure
57.4,36.31,97.7,0.4,Sleeping
69.7,36.75,98,2.1,Awake/Idle
39.5,35.55,85.3,0.5,Unconscious
157.7,37.35,94.3,9.2,Running
98.6,36.95,96.7,5.1,Walking
41.5,36.12,89.7,0.5,Fainting
110.1,36.81,95,3.3,Stress/Panic
40.2,35.55,86.3,0.8,Unconscious
113.8,36.91,94.2,3.5,Stress/Panic
41.2,35.6,84.2,0.6,Unconscious
151.8,37.4,94.8,8.7,Running
93.6,36.94,97.6,5.6,Walking
68.4,36.71,98.1,2.3,Awake/Idle
116.2,36.95,90.6,9.4,Seizure
44.3,35.74,90.5,0.5,Fainting
57.6,36.25,97.6,0.8,Sleeping
79.7,36.57,83.6,0.9,Hypoxia
120.7,37.05,91.5,9.5,Seizure
109.6,36.83,91.4,9.5,Seizure
58.2,36.47,97.3,0.7,Sleeping
147.8,37.5,96.4,9,Running
108,37.28,97.3,2.5,Post-Workout
58.1,36.7,97.7,0.5,Meditation
113.1,37.04,90.4,9.5,Seizure
70.3,36.77,97.4,1.7,Awake/Idle
87.5,36.41,79.5,1.3,Hypoxia
117.3,36.78,93.8,4,Stress/Panic
116.5,37.04,91.3,9.3,Seizure
81.5,36.33,82.2,0.5,Hypoxia
57.2,36.33,97.1,0.7,Sleeping
70.7,36.8,97.3,1.7,Awake/Idle
119,36.8,90.6,9.6,Seizure
104.8,37.3,97.1,2.1,Post-Workout
118.1,36.83,94,4.2,Stress/Panic
42.9,35.9,89.4,0.7,Fainting
55.9,36.27,97.1,0.7,Sleeping
44,36.07,90.7,0.6,Fainting
145.3,37.51,94.8,8.9,Running
118.1,37.13,92,9.3,Seizure
62.6,36.66,98,0.6,Meditation
58.3,36.43,97.3,0.6,Sleeping
39.3,36.1,89.7,0.2,Fainting
155.9,37.68,94.9,8.6,Running
71.3,36.79,96.6,1.7,Awake/Idle
45.5,36.11,91,0.5,Fainting
149.1,37.46,95.3,9,Running
60.3,36.69,96.9,0.2,Meditation
105.3,37.22,97.3,1.7,Post-Workout
37.5,35.93,85.3,0.6,Unconscious
144.3,37.51,95.2,9,Running
86.8,36.44,80.8,0.9,Hypoxia
106.9,37.24,97.8,2,Post-Workout
41.9,35.92,89.6,0.2,Fainting
157.2,37.44,95.2,9,Running
61.2,36.67,97.4,0.3,Meditation
116.6,36.9,94.6,3.3,Stress/Panic
69,36.69,97.9,2.2,Awake/Idle
38.3,35.71,84.6,0.3,Unconscious
113.4,37.23,92,9.6,Seizure
63.9,36.69,97.6,0.5,Meditation
113.9,36.9,94.9,3.9,Stress/Panic
43.8,35.88,90.7,0.6,Fainting
61.4,36.69,97.4,0.5,Meditation
118.9,36.94,92.1,9.6,Seizure
81.3,36.6,80.1,1.1,Hypoxia
116,36.99,91.6,9.5,Seizure
67.8,36.81,97.3,1.8,Awake/Idle
112.2,37.33,97.6,1.9,Post-Workout
155.1,37.46,95.2,9.3,Running
117.3,36.78,94.6,3.1,Stress/Panic
79.5,36.55,84.3,1,Hypoxia
154.9,37.52,94.8,9,Running
47.1,35.98,89.2,0.3,Fainting
42.7,35.98,91.7,0.8,Fainting
58.1,36.49,98.1,0.3,Sleeping
37.4,35.62,86,0.4,Unconscious
101.5,36.94,97.7,5.4,Walking
69,36.78,98.2,1.8,Awake/Idle
45.8,35.95,91,0.3,Fainting
148.1,37.55,95.1,8.7,Running
46.1,35.9,88,0.7,Fainting
72.2,36.76,97.1,1.7,Awake/Idle
71.9,36.5,78.7,1.3,Hypoxia
40.1,36.08,84.7,0.7,Unconscious
56.7,36.36,98.4,0.5,Sleeping
37,35.8,84.2,0.2,Unconscious
99.3,36.82,98,6.1,Walking
149.3,37.51,94.5,9.3,Running
40.3,35.77,85.5,0.4,Unconscious
45,36.08,89.1,0.5,Fainting
112.4,37.21,96.6,1.9,Post-Workout
151.6,37.34,94.7,9,Running
57.5,36.22,97.5,0.5,Sleeping
48,35.97,90.4,0.8,Fainting
92,36.92,96.9,5.1,Walking
77.5,36.28,80,1.1,Hypoxia
99.9,37.02,97.2,5.5,Walking
44.3,35.96,89.2,0.5,Fainting
93.3,36.92,97.4,5.5,Walking
57.9,36.38,97.2,0.5,Sleeping
44.1,36.11,89.3,0.6,Fainting
115,36.92,94.2,3.2,Stress/Panic
42,35.98,90.7,0.5,Fainting
47.4,36.07,90.6,0.4,Fainting
116.8,37.06,92,9.4,Seizure
104.3,37.16,97.9,2.1,Post-Workout
110.7,36.92,91.2,9.4,Seizure
111.3,36.94,92.6,9.7,Seizure
113.6,37.11,91.9,9.4,Seizure
42.1,35.9,85.6,0.8,Unconscious
57.8,36.33,97.7,0.4,Sleeping
58.5,36.55,97.9,0.7,Sleeping
43.6,35.96,90,0.6,Fainting
44.3,35.93,88.4,0.7,Fainting
67.5,36.66,97.6,2,Awake/Idle
146.4,37.55,94.8,8.9,Running
119.3,36.88,95.1,4.4,Stress/Panic
113.7,36.78,94.6,3.4,Stress/Panic
145.3,37.52,95.2,8.7,Running
110.9,36.7,95.2,2.9,Stress/Panic
141.1,37.44,95.6,9.1,Running
146,37.42,95.2,8.8,Running
95.9,36.96,98.3,5.3,Walking
59.7,36.66,97.7,0.5,Meditation
57,36.42,97.5,0.2,Sleeping
96.3,36.9,96.7,5.7,Walking
111,36.82,94.3,3.7,Stress/Panic
55.2,36.27,97.7,0.5,Sleeping
42.6,35.95,85.1,0.7,Unconscious
38.6,35.79,85.5,0.4,Unconscious
148.6,37.56,94.7,9.5,Running
60,36.72,97.4,0.6,Meditation
97.1,36.9,97.6,5.5,Walking
92,36.97,98.1,5.4,Walking
112.8,37.08,92.1,9.3,Seizure
70.9,36.74,97.1,2.1,Awake/Idle
58.8,36.36,96.7,0.4,Sleeping
73.2,36.66,97.1,2.4,Awake/Idle
71.9,36.69,97.7,2.4,Awake/Idle
104,37.24,98,1.8,Post-Workout
158.5,37.57,95.3,9.3,Running
80.6,36.49,82.5,1,Hypoxia
38.2,35.74,84.7,0.5,Unconscious
56.9,36.66,97.1,0.6,Meditation
81.9,36.58,78.6,1,Hypoxia
108.1,37.09,90.9,9.1,Seizure
113,36.83,94.7,3.9,Stress/Panic
70.1,36.74,97.1,1.9,Awake/Idle
94.5,36.94,97.1,5.8,Walking
59.1,36.62,97.2,0.6,Meditation
81.5,36.57,82.6,0.8,Hypoxia
145.8,37.37,95.2,9.2,Running
41.4,35.72,85.2,0.6,Unconscious
77.6,36.45,84.6,1.4,Hypoxia
55.5,36.48,97.5,0.6,Sleeping
104.5,37.18,97.6,2.9,Post-Workout
61,36.7,97.6,0.3,Meditation
68,36.82,97.2,2.1,Awake/Idle
113.1,36.84,94.4,3.1,Stress/Panic
40.3,35.7,84.6,0.4,Unconscious
80.6,36.44,80.2,0.9,Hypoxia
59.3,36.7,97.5,0.4,Meditation
122.5,36.94,92,9.9,Seizure
114.4,36.92,95,3.5,Stress/Panic
37.3,35.93,85.8,0.4,Unconscious
82.1,36.39,76,1.5,Hypoxia
42.9,35.72,83.6,0.7,Unconscious
74.5,36.52,78.6,0.9,Hypoxia
114.8,37,92,9.8,Seizure
103.5,37.27,96.6,2.1,Post-Workout
116.9,37.05,90.5,9.2,Seizure
108.7,36.97,90.9,9.8,Seizure
113.3,36.77,94.7,3,Stress/Panic
112.7,36.77,94.4,4,Stress/Panic
57.9,36.7,98.4,0.5,Meditation
108.4,37.32,97.8,1.7,Post-Workout
113.2,37.02,92,9.5,Seizure
143.4,37.46,95,9.2,Running
154.4,37.61,95.8,8.9,Running
46.8,36.04,88.3,0.3,Fainting
57.6,36.68,98.1,0.6,Meditation
71.8,36.82,97.2,2.4,Awake/Idle
71.7,36.48,83.8,1.2,Hypoxia
69.5,36.71,98.1,1.7,Awake/Idle
38,35.84,86.2,0.5,Unconscious
112.9,36.86,94.8,3.6,Stress/Panic
103.1,36.99,91.7,9.9,Seizure
93.2,36.89,97.4,6,Walking
75.6,36.48,82.6,0.5,Hypoxia
57.9,36.45,97.8,0.3,Sleeping
64.1,36.75,97.5,0.5,Meditation
46,36,88.7,0.4,Fainting
55.9,36.3,97.8,0.7,Sleeping
69.3,36.71,97.2,1.6,Awake/Idle
38.9,35.86,83.3,0.4,Unconscious
83.6,36.44,77.5,1.1,Hypoxia
57.4,36.26,98,0.8,Sleeping
61,36.67,97.5,0.6,Meditation
159.6,37.62,96.3,9.4,Running
109.5,37.31,96.8,2.1,Post-Workout
113.4,36.88,95,4.4,Stress/Panic
75.9,36.57,80.4,1.2,Hypoxia
72.7,36.81,97.7,2.4,Awake/Idle
110.9,36.85,94,3.8,Stress/Panic
145.3,37.48,94.6,9,Running
47.5,36.15,89.7,0.4,Fainting
65.7,36.75,97.3,1.7,Awake/Idle
149.4,37.43,95.9,9.1,Running
55.9,36.38,98.1,0.7,Sleeping
59,36.41,97.5,0.4,Sleeping
42.1,36.13,90.8,0.8,Fainting
71.4,36.78,97.2,1.8,Awake/Idle
116.1,36.89,94.9,3.1,Stress/Panic
71.2,36.71,98,2.4,Awake/Idle
147.4,37.51,95.4,9.5,Running
112.2,36.94,90.9,9.4,Seizure
57.8,36.49,98.7,0.5,Sleeping
108.7,37.1,92.5,9.5,Seizure
114.6,36.93,93.8,3.9,Stress/Panic
51.4,35.93,88.2,0.6,Fainting
37.2,35.68,84.7,0.4,Unconscious
74.6,36.52,79.2,1.2,Hypoxia
44.6,35.78,90.9,0.7,Fainting
81.5,36.52,80.3,0.8,Hypoxia
95.6,36.96,98.2,5.3,Walking
151.2,37.6,94.2,9.1,Running
100.7,37.28,97.6,1.8,Post-Workout
105.6,37.26,96.4,1.7,Post-Workout
41,35.68,85.6,0.7,Unconscious
147.3,37.47,94.7,8.8,Running
59.2,36.7,98,0.7,Meditation
149.1,37.53,96.4,9.2,Running
96.4,36.89,97.1,5.3,Walking
115.1,36.96,89.3,9.5,Seizure
110,36.8,91.8,9.4,Seizure
57.8,36.73,97.9,0.5,Meditation
105.7,37.24,97.4,2,Post-Workout
115.9,37.03,89.5,9.5,Seizure
92.2,36.99,97.8,5.9,Walking
81.9,36.3,81.9,0.9,Hypoxia
57.4,36.67,96.6,0.6,Meditation
107.5,37.23,97.1,2.2,Post-Workout
40.7,35.98,86.7,0.6,Unconscious
116.3,36.82,94.5,3.7,Stress/Panic
145.4,37.5,95.6,9.3,Running
70.7,36.72,98.3,1.7,Awake/Idle
154.1,37.38,94.7,8.8,Running
74,36.51,78,1.2,Hypoxia
85.6,36.49,79.7,0.7,Hypoxia
135.8,37.39,95,9.1,Running
86,36.41,82.5,0.7,Hypoxia
114.1,36.92,92.4,9.4,Seizure
114.2,36.76,93.9,3.1,Stress/Panic
118.1,37.02,95.1,3.1,Stress/Panic
107.8,37.35,97.1,1.9,Post-Workout
56.5,36.28,98.2,0.5,Sleeping
39,35.75,84.8,0.8,Unconscious
46.9,35.89,91.1,0.4,Fainting
84,36.6,79.2,0.9,Hypoxia
57.5,36.21,97.5,0.5,Sleeping
73.6,36.84,98,1.9,Awake/Idle
46.3,35.83,89,0.6,Fainting
58,36.33,97.1,0.7,Sleeping
80.7,36.58,78.7,0.8,Hypoxia
75.9,36.52,77.9,0.7,Hypoxia
69,36.75,97.4,2,Awake/Idle
71.8,36.44,86.5,1.3,Hypoxia
72.6,36.77,97.3,1.5,Awake/Idle
76.7,36.66,83.8,1,Hypoxia
68.6,36.72,96.7,2.2,Awake/Idle
47.9,35.99,89.2,0.4,Fainting
71.3,36.83,97.3,1.5,Awake/Idle
73.6,36.47,80.9,1.3,Hypoxia
57.8,36.49,97.1,0.6,Sleeping
143.5,37.6,95.7,9,Running
62.4,36.73,97.3,0.5,Meditation
97,37,97.6,5.7,Walking
114.4,36.93,94.3,3.7,Stress/Panic
114.2,36.83,94.8,3.2,Stress/Panic
56.8,36.71,97.8,0.6,Meditation
116.7,36.86,91.6,9.5,Seizure
39.1,35.79,85.3,0.6,Unconscious
68.1,36.7,97.5,2.2,Awake/Idle
116.9,37,91.6,9.3,Seizure
57.7,36.36,97.6,0.4,Sleeping
38.3,35.72,84.1,0.6,Unconscious
105.6,37.02,92.4,9.4,Seizure
51.9,36.08,88.5,0.4,Fainting
46.5,36.05,91.4,0.6,Fainting
97.6,36.92,96.1,4.8,Walking
148.6,37.52,94.1,8.9,Running
94.5,36.97,97.1,5.9,Walking
60.9,36.71,97.8,0.6,Meditation
105.9,37.24,96.8,2.2,Post-Workout
46.6,35.87,91.4,0.4,Fainting
118.1,36.83,94.6,3.6,Stress/Panic
75.6,36.41,78.8,1,Hypoxia
39.2,35.94,86.1,0.5,Unconscious
57.3,36.25,98.2,0.5,Sleeping
77.9,36.62,79.6,1.1,Hypoxia
57.2,36.73,96.1,0.6,Meditation
106.3,37.23,97.8,1.5,Post-Workout
106.7,37.26,97.3,1.9,Post-Workout
61.5,36.72,97.4,0.4,Meditation
48.3,35.92,91.7,0.6,Fainting
111.6,37.25,92,9.6,Seizure
115.8,36.87,92.1,9.4,Seizure
116.1,36.88,94.9,3.7,Stress/Panic
105.7,37.2,99.1,2.1,Post-Workout
50,36.16,87.6,0.1,Fainting
116.7,36.89,94.6,3.7,Stress/Panic
50.3,35.93,88.8,0.6,Fainting
43,35.41,84.7,0.5,Unconscious
42.9,35.82,86.3,0.8,Unconscious
61.3,36.71,98,0.2,Meditation
60.3,36.65,97,0.5,Meditation
111.1,36.94,94.9,3.6,Stress/Panic
158.5,37.37,96.1,8.9,Running
48.5,36.07,90,0.3,Fainting
151.6,37.6,94.3,8.9,Running
82.4,36.6,78,0.4,Hypoxia
55.8,36.72,97.9,0.7,Meditation
57.3,36.68,97,0.7,Meditation
120.2,37.12,91.7,9.2,Seizure
57.2,36.34,99,0.4,Sleeping
114.9,36.89,94.6,3.3,Stress/Panic
41.2,35.75,84.3,0.6,Unconscious
47.7,36.05,90.7,0.4,Fainting
110.4,37,90.7,9.4,Seizure
58.2,36.65,97.4,0.3,Meditation
56.4,36.38,97.7,0.3,Sleeping
107.9,37.01,91.8,9.3,Seizure
58.5,36.68,97.7,0.4,Meditation
41.9,35.8,85.3,0.6,Unconscious
102.7,37.25,95.8,2,Post-Workout
95,37.01,97.4,5.6,Walking
101,37.24,98.8,2.1,Post-Workout
113.7,36.97,92.4,9.7,Seizure
88.2,36.42,77.4,1.2,Hypoxia
90.3,36.95,97.3,5.4,Walking
151.8,37.52,94.4,9,Running
110.3,36.82,95,3,Stress/Panic
86.9,36.38,82.8,1.1,Hypoxia
117.7,36.92,94.7,3.1,Stress/Panic
95.1,36.94,97,4.9,Walking
103.4,37.26,97.6,2.3,Post-Workout
102,37.16,97.2,2.6,Post-Workout
56.8,36.3,97,0.5,Sleeping
98.2,36.92,97.8,6.2,Walking
94.2,36.98,96.9,5.8,Walking
118.1,36.95,94.9,4.2,Stress/Panic
70,36.7,98.1,1.7,Awake/Idle
42.6,35.96,90.1,0.4,Fainting
41.5,35.79,85.6,0.4,Unconscious
114.8,37.04,91,9.5,Seizure
106.5,37.25,96.8,2.2,Post-Workout
42.2,35.87,85.6,0.5,Unconscious
67.5,36.82,97.1,2,Awake/Idle
81.4,36.44,80.3,1.3,Hypoxia
112.3,37.12,91.2,9.5,Seizure
67.4,36.8,97.3,1.8,Awake/Idle
105,37.21,96.5,2.2,Post-Workout
93.5,36.95,98.5,6.1,Walking
41.2,35.7,88.1,0.3,Unconscious
108.6,37.18,97.2,2.2,Post-Workout
37.4,35.53,85.1,0.5,Unconscious
117.2,36.86,94.8,2.9,Stress/Panic
104.7,37.19,97.9,2.2,Post-Workout
114.8,36.87,91.4,9.5,Seizure
70.9,36.68,96.5,2.3,Awake/Idle
114.7,36.85,94.4,3.5,Stress/Panic
95.5,36.95,97.2,5.5,Walking
74,36.83,97.4,2.1,Awake/Idle
95.7,36.99,98.1,5.3,Walking
78.2,36.44,83,1.3,Hypoxia
74,36.75,97.6,2,Awake/Idle
68.3,36.73,97.9,1.4,Awake/Idle
49.6,36.03,91.2,0.4,Fainting
46.2,35.98,89.7,0.5,Fainting
101.7,37.34,97.4,2.1,Post-Workout
159.3,37.63,94.4,8.4,Running
71.3,36.74,97.8,2.3,Awake/Idle
113.1,36.87,94.4,2.6,Stress/Panic
115.7,36.96,92.6,9.7,Seizure
71.1,36.7,98.2,2.1,Awake/Idle
151.6,37.49,96.4,8.7,Running
102.9,37.32,97.2,1.9,Post-Workout
109.3,37.04,91.6,9.3,Seizure
107,37.27,97.3,1.8,Post-Workout
94,36.98,96.4,5.8,Walking
47.4,35.78,89.5,0.2,Fainting
55.2,36.32,97.4,0.6,Sleeping
103.4,37.24,97.4,1.8,Post-Workout
107.5,37.29,96.6,1.7,Post-Workout
112.6,36.97,90.6,9.3,Seizure
150.4,37.53,94.9,8.9,Running
57.1,36.78,98.2,0.3,Meditation
43.5,35.98,90.4,0.5,Fainting
71.8,36.85,98,1.8,Awake/Idle
56.8,36.72,97.3,0.5,Meditation
39.7,35.92,85.9,0.3,Unconscious
77,36.69,78.9,0.8,Hypoxia
114.3,36.98,94.7,3.1,Stress/Panic
92.5,36.95,97.5,5.6,Walking
58.4,36.34,98.6,0.5,Sleeping
54.8,36.35,98,0.6,Sleeping
94.8,36.9,98.3,5.5,Walking
39.6,35.84,89.4,0.4,Fainting
113.3,37.08,90.8,9.4,Seizure
48,36,89.4,0.4,Fainting
116,36.92,94.2,3,Stress/Panic
143.2,37.44,94.1,9.1,Running
116.6,36.98,91.4,9.6,Seizure
71,36.77,96.1,1.8,Awake/Idle
39,35.92,85.3,0.7,Unconscious
40.5,36.11,85.5,0.7,Unconscious
57.1,36.37,97.5,0.4,Sleeping
100.3,37.25,97,1.9,Post-Workout
106.7,37.05,92,9.7,Seizure
115.8,36.99,91.1,9.3,Seizure
37.4,35.66,83.8,0.7,Unconscious
41,35.75,86.9,0.7,Unconscious
70.8,36.72,98,2.1,Awake/Idle
104.1,37.27,97.4,2.1,Post-Workout
42,35.69,85.4,0.5,Unconscious
57.1,36.39,97.3,0.5,Sleeping
55.7,36.32,97.6,0.5,Sleeping
40.7,35.48,85.9,0.5,Unconscious
59,36.29,97.9,0.5,Sleeping
105.2,37.07,91.5,9.5,Seizure
96,37.01,97.3,5.4,Walking
143,37.52,95,9,Running
70.9,36.69,97,1.3,Awake/Idle
60.9,36.74,97,0.5,Meditation
40.1,35.61,83.2,0.5,Unconscious
57.9,36.7,97.7,0.8,Meditation
46.2,35.94,91.7,0.4,Fainting
68.2,36.72,97.2,2,Awake/Idle
39.7,35.76,83.5,0.3,Unconscious
38.1,35.81,84.7,0.5,Unconscious
59.3,36.38,98.2,0.6,Sleeping
102,37.25,97,2.2,Post-Workout
71.9,36.72,96.8,2.1,Awake/Idle
44.4,36.13,88.7,0.6,Fainting
150.1,37.36,95,9.2,Running
118.8,37.1,91.5,9.5,Seizure
97.1,36.94,98.7,5.3,Walking
79.3,36.6,78.4,1.4,Hypoxia
39.3,35.62,82,0.5,Unconscious
61.5,36.73,97.5,0.6,Meditation
82.3,36.4,80.8,0.6,Hypoxia
78.3,36.56,78.9,0.8,Hypoxia
145.2,37.56,95.1,9.2,Running
56.4,36.32,96.2,0.4,Sleeping
38.2,35.9,85.6,0.5,Unconscious
70.8,36.78,97.1,2.4,Awake/Idle
91.9,36.98,97.4,5.1,Walking
68.8,36.76,98.5,1.7,Awake/Idle
38.7,35.98,84.1,0.6,Unconscious
38.1,35.85,86.2,0.7,Unconscious
60.7,36.34,98.4,0.3,Sleeping
122.1,36.75,94.7,3.9,Stress/Panic
92.9,36.93,98,5.4,Walking
58.6,36.68,98.5,0.4,Meditation
94.1,36.86,98,5.6,Walking
49.4,35.93,91.2,0.4,Fainting
58.5,36.72,97.4,0.6,Meditation
69.5,36.7,97,1.9,Awake/Idle
116,36.83,94.4,3.4,Stress/Panic
67,36.77,97,1.2,Awake/Idle
150.4,37.45,95.1,9,Running
41.8,35.97,90.3,0.5,Fainting
66.8,36.75,98.1,2.2,Awake/Idle
95.5,37.05,97.1,5.7,Walking
112.5,37.06,90.7,9.5,Seizure
84.1,36.48,80.8,1.2,Hypoxia
82.7,36.63,81.2,0.9,Hypoxia
59.5,36.44,97,0.7,Sleeping
110.6,36.95,94.1,3.4,Stress/Panic
114.8,36.89,93.8,4.2,Stress/Panic
78.5,36.55,80.8,1.1,Hypoxia
95.8,36.94,97.3,4.9,Walking
121.1,37.02,91.1,9.3,Seizure
59.2,36.76,96.9,0.5,Meditation
42.9,35.58,84,0.7,Unconscious
49.5,35.91,90.2,0.5,Fainting
115.6,37.05,90.6,9.5,Seizure
41,35.51,86.8,0.7,Unconscious
119.2,37.01,90.5,9.7,Seizure
100.9,36.97,98.1,6.1,Walking
152.3,37.55,95.9,8.9,Running
42.1,35.7,84.6,0.5,Unconscious
41.6,35.66,85.3,0.5,Unconscious
70.4,36.79,97.9,1.9,Awake/Idle
97,36.95,98,5.5,Walking
57.7,36.33,97.4,0.6,Sleeping
57,36.47,97.8,0.4,Sleeping
70.3,36.8,98,2.1,Awake/Idle
56.8,36.69,97.4,0.6,Meditation
49.3,35.78,90.9,0.6,Fainting
93.3,36.95,97,5.5,Walking
96.4,36.94,97.6,5.9,Walking
112.8,36.9,94.4,3.5,Stress/Panic
62,36.67,97.8,0.4,Meditation
82.5,36.48,77,1.5,Hypoxia
117.8,36.86,89.9,9.5,Seizure
117.3,37.09,90.6,9.3,Seizure
119.8,37.04,90,9.2,Seizure
62.3,36.72,97,0.6,Meditation
79.7,36.49,77.5,1.2,Hypoxia
69.2,36.7,97.8,2.2,Awake/Idle
48.4,35.82,88,0.5,Fainting
70.9,36.72,97.2,2,Awake/Idle
117.3,36.99,94.3,4.3,Stress/Panic
140.5,37.41,95.2,8.7,Running
98.4,36.99,97.7,5,Walking
47,35.96,89.6,0.6,Fainting
57.3,36.34,97.2,0.8,Sleeping
119.7,36.88,95.1,3.4,Stress/Panic
106.9,37.28,98.7,2.2,Post-Workout
42.7,35.79,83.7,0.8,Unconscious
55.2,36.45,96.9,0.4,Sleeping
56.9,36.33,98.1,0.2,Sleeping
143.6,37.74,95.1,9.1,Running
75.7,36.65,83.1,0.8,Hypoxia
60.8,36.68,97.5,0.5,Meditation
151.7,37.35,94.8,9.5,Running
44.9,35.9,88.2,0.4,Fainting
101.6,37.26,98.4,1.8,Post-Workout
47.6,35.99,89.8,0.6,Fainting
43,36.06,90.8,0.3,Fainting
118.1,36.78,94.8,3.2,Stress/Panic
77.7,36.52,81.6,1,Hypoxia
59.7,36.6,97.1,0.6,Meditation
80,36.47,75.6,0.9,Hypoxia
113.7,37.11,90.9,9.4,Seizure
88.8,36.95,98,5.5,Walking
42.4,35.67,86.2,0.6,Unconscious
114,36.82,94.4,3.5,Stress/Panic
58.8,36.72,97.5,0.3,Meditation
41.1,35.85,85.2,0.4,Unconscious
64.9,36.71,96.4,0.6,Meditation
149.7,37.44,94.4,8.7,Running
152.6,37.53,95.6,9.2,Running
56.8,36.39,97.7,0.8,Sleeping
41.7,35.84,84.7,0.2,Unconscious
64,36.66,97,0.5,Meditation
41.7,35.89,84.9,0.5,Unconscious
148.2,37.47,95.8,9.2,Running
76.6,36.45,82.2,0.8,Hypoxia
40.9,35.68,86.3,0.4,Unconscious
45,35.98,90.5,0.6,Fainting
99.8,37.2,98.3,1.6,Post-Workout
115.1,36.92,94.3,3.3,Stress/Panic
70.9,36.75,97.7,2.2,Awake/Idle
113.7,36.82,94.8,3.5,Stress/Panic
56.7,36.32,96.6,0.8,Sleeping
45.1,35.91,89.1,0.4,Fainting
58.6,36.76,98.5,0.4,Meditation
144.8,37.63,94.3,9,Running
56.8,36.38,97.2,0.4,Sleeping
63.9,36.71,98.2,0.6,Meditation
105.1,37.26,97.8,2.1,Post-Workout
97.4,36.9,97.1,5.4,Walking
125,36.96,92.4,9.5,Seizure
43,36.03,91.1,0.8,Fainting
114.8,36.82,94.1,3.3,Stress/Panic
47,36.09,91.4,0.3,Fainting
68.1,36.8,98.2,2.3,Awake/Idle
42.4,36.05,89.5,0.4,Fainting
40,35.64,86.9,0.4,Unconscious
45,35.96,90.1,0.4,Fainting
103.5,37.21,97.7,2,Post-Workout
102.1,37.2,98.2,2,Post-Workout
69.3,36.75,97.8,1.9,Awake/Idle
108.3,37.26,97.4,2.1,Post-Workout
45.3,35.94,88.3,0.7,Fainting
113.4,36.86,94.6,3.5,Stress/Panic
91.4,36.88,96.8,5.4,Walking
91.9,36.91,97.5,5.9,Walking
145.2,37.68,96.3,9.3,Running
69.3,36.72,97.1,1.8,Awake/Idle
107.7,37.25,97.2,1.5,Post-Workout
115.2,36.73,94.7,3.8,Stress/Panic
97,36.96,97.4,5.6,Walking
119.7,37.13,91.9,9.5,Seizure
105.5,37.27,96.9,1.8,Post-Workout
45.4,36.02,90.6,0.4,Fainting
69.1,36.73,98.5,2.1,Awake/Idle
59.1,36.65,98.3,0.6,Meditation
96.5,36.94,97.1,5.3,Walking
72.1,36.79,98.2,2,Awake/Idle
119.8,36.98,91.8,9.6,Seizure
72.1,36.76,97.5,2.4,Awake/Idle
64.6,36.67,97.2,0.6,Meditation
60.8,36.72,97.4,0.4,Meditation
43.2,36.1,89.4,0.5,Fainting
69.4,36.73,96.6,2.5,Awake/Idle
57.9,36.28,98.1,0.5,Sleeping
67.5,36.77,98.4,2.3,Awake/Idle
110.1,37.04,91.8,9.7,Seizure
97,36.91,96.9,5.2,Walking
39.6,35.67,85.6,0.4,Unconscious
42.1,35.55,84.5,0.7,Unconscious
116.4,36.81,94.6,4,Stress/Panic
102.2,37.24,97.3,1.9,Post-Workout
58.3,36.73,97.4,0.5,Meditation
96.2,36.93,97.1,5.7,Walking
115.8,37,91.7,9.7,Seizure
57.5,36.39,96.9,0.6,Sleeping
58.2,36.3,96.9,0.4,Sleeping
161.9,37.45,94.5,8.5,Running
108.1,37.25,98,2.2,Post-Workout
109.4,36.79,94.9,3.2,Stress/Panic
120.1,36.9,92,9.7,Seizure
70,36.68,97.7,2.2,Awake/Idle
113.9,36.79,94.4,3.1,Stress/Panic
58,36.3,97.4,0.3,Sleeping
38.4,35.75,85.7,0.5,Unconscious
71.3,36.34,78.7,1.4,Hypoxia
75.1,36.73,98.3,1.8,Awake/Idle
119.2,36.88,94.2,3.2,Stress/Panic
111.5,36.86,94.5,3.7,Stress/Panic
59.6,36.66,97.3,0.5,Meditation
44,36.13,90.3,0.3,Fainting
86.2,36.49,77.4,1.4,Hypoxia
96.7,36.93,98,5.2,Walking
107.3,37.21,97,1.9,Post-Workout
98.9,36.98,97,5.1,Walking
39.7,35.76,83.9,0.6,Unconscious
118.9,36.92,91.6,9.3,Seizure
96.5,36.92,97.6,5.7,Walking
58.2,36.33,97.6,0.2,Sleeping
95.6,37.05,96.7,5.7,Walking
59.8,36.7,97.3,0.6,Meditation
99.8,37.18,98.4,2.2,Post-Workout
90.7,36.86,98.1,5.4,Walking
106.5,37.37,96.9,1.9,Post-Workout
44.7,36.19,90.1,0.5,Fainting
44.1,35.91,87.1,0.5,Unconscious
68.1,36.76,97.3,1.9,Awake/Idle
94.1,36.9,97.1,5.1,Walking
91.7,36.97,97.8,5,Walking
62.1,36.75,97.8,0.4,Meditation
142.1,37.58,94.8,8.7,Running
56,36.36,97.4,0.5,Sleeping
43.6,35.61,84.5,0.4,Unconscious
113.8,36.84,94.6,3.4,Stress/Panic
113.9,36.84,94.5,4,Stress/Panic
57.3,36.7,97.8,0.8,Meditation
57.2,36.26,97.4,0.3,Sleeping
105.5,37.25,97.5,2.2,Post-Workout
74.1,36.83,97.8,1.9,Awake/Idle
58.4,36.71,98,0.4,Meditation
56.4,36.31,98.2,0.4,Sleeping
102.5,37.21,97.3,2,Post-Workout
58.3,36.66,97.8,0.6,Meditation
119.7,36.92,91.4,9.5,Seizure
77.2,36.43,79.7,0.8,Hypoxia
102.9,37.3,97.9,1.6,Post-Workout
76.5,36.48,81.8,1.1,Hypoxia
127.2,37.02,91.5,9.6,Seizure
44,35.84,89.8,0.6,Fainting
40.8,36.1,90.1,0.3,Fainting
77.9,36.53,78.8,1,Hypoxia
82.8,36.64,81.6,0.8,Hypoxia
140,37.48,94.6,9.1,Running
112.7,36.87,94,3.5,Stress/Panic
44.8,35.91,90,0.4,Fainting
95,37.03,97,5.2,Walking
101.6,37.3,97.2,1.8,Post-Workout
119.5,36.81,94.9,3.7,Stress/Panic
114.4,36.96,91.1,9.6,Seizure
68.4,36.8,97.4,2,Awake/Idle
43.9,35.91,92.1,0.1,Fainting
82.1,36.72,82.6,1,Hypoxia
83.3,36.45,79.7,1.3,Hypoxia
117.8,37.11,92.3,9.4,Seizure
79.7,36.54,79,1.1,Hypoxia
68.9,36.74,98.2,2,Awake/Idle
40,35.89,86.3,0.7,Unconscious
78.1,36.42,78.7,1.1,Hypoxia
107.5,37.23,97.1,1.9,Post-Workout
113.8,36.9,92.6,9.5,Seizure
54.9,36.4,97.8,0.5,Sleeping
97.2,36.86,96.8,5.4,Walking
148.7,37.48,94.6,8.9,Running
122.2,36.89,90.2,9.3,Seizure
55.9,36.54,97,0.4,Sleeping
43.9,35.59,85.4,0.7,Unconscious
107,36.98,90.1,9.6,Seizure
116.6,36.94,92.4,9.4,Seizure
60.6,36.67,98.3,0.5,Meditation
80.7,36.55,82,1.2,Hypoxia
151.9,37.62,95.1,9,Running
112.9,37.19,90.8,9.5,Seizure
108.9,36.84,94.1,3.6,Stress/Panic
43.6,35.79,84,0.5,Unconscious
94.3,36.92,98,5.3,Walking
67.7,36.73,97.9,1.8,Awake/Idle
120.3,36.97,91.3,9.6,Seizure
148.9,37.5,94.3,9,Running
58.3,36.37,98,0.6,Sleeping
102.6,37.26,97.9,2.3,Post-Workout
104,37.25,98.4,1.8,Post-Workout
143.9,37.46,94.4,9,Running
64.4,36.67,97.8,0.3,Meditation
161.8,37.51,93.4,9.4,Running
99.4,37.27,97.2,2.1,Post-Workout
60.6,36.72,98.5,0.7,Meditation
72,36.7,97.8,2.1,Awake/Idle
42.6,35.96,90.6,0.2,Fainting
70,36.74,97.3,2.2,Awake/Idle
100.9,37.29,97.5,2.4,Post-Workout
96.8,36.99,96.7,5.7,Walking
79.8,36.52,83.9,0.4,Hypoxia
111.9,36.79,94.3,4,Stress/Panic
96,36.96,98.3,5.2,Walking
73.6,36.78,98.5,1.6,Awake/Idle
158.2,37.47,95.2,9,Running
40.8,35.88,85.5,0.5,Unconscious
59.3,36.68,98.5,0.5,Meditation
77.1,36.33,81.2,0.9,Hypoxia
109.5,37.29,97.7,1.9,Post-Workout
58.6,36.74,97.4,0.4,Meditation
77.3,36.32,79.7,1,Hypoxia
105.3,37.24,98.2,2.2,Post-Workout
58.7,36.75,97.3,0.3,Meditation
74.1,36.78,97.4,1.9,Awake/Idle
144.9,37.44,95.2,8.5,Running
112.8,36.87,95.1,4,Stress/Panic
116.2,36.82,95.1,3.6,Stress/Panic
149.1,37.49,95.9,9.6,Running
57,36.31,97.6,0.5,Sleeping
42.1,35.91,85.6,0.5,Unconscious
74.1,36.55,77.4,1.1,Hypoxia
102.5,37.21,97,2.2,Post-Workout
50.1,35.93,90.2,0.6,Fainting
57.5,36.31,97.6,0.5,Sleeping
61.9,36.7,97.3,0.5,Meditation
151,37.61,94.6,8.9,Running
37.3,35.75,84.3,0.6,Unconscious
60.5,36.69,97.3,0.3,Meditation
80.1,36.62,79,1,Hypoxia
80.6,36.52,77.6,0.9,Hypoxia
55.7,36.34,97.3,0.3,Sleeping
49.3,35.85,90.4,0.6,Fainting
121,36.94,94.5,4.2,Stress/Panic
121.6,37.04,92.7,9.5,Seizure
43,35.83,85.7,0.3,Unconscious
103,37.29,97.2,1.8,Post-Workout
104.4,37.18,97.4,1.9,Post-Workout
63.4,36.75,97.6,0.2,Meditation
91.5,37.03,98.5,5.2,Walking
58.3,36.71,97.6,0.7,Meditation
96.7,36.96,97.6,5.5,Walking
35.7,35.72,83.7,0.5,Unconscious
96.5,36.88,97.4,5.3,Walking
68.6,36.73,97.6,2,Awake/Idle
144.6,37.58,94.2,8.9,Running
108.7,36.79,94.3,3.5,Stress/Panic
155.5,37.56,95.9,9,Running
58.7,36.29,96.9,0.3,Sleeping
147.1,37.48,94.5,9.1,Running
72.5,36.43,81,0.7,Hypoxia
56.3,36.4,97.3,0.5,Sleeping
41.7,36.03,84.2,0.7,Unconscious
82.2,36.57,81,1.2,Hypoxia
66,36.8,97.2,2.1,Awake/Idle
146.2,37.6,94.6,8.7,Running
149.2,37.51,95.3,8.5,Running
112.7,36.83,94,3,Stress/Panic
55.8,36.17,97.1,0.3,Sleeping
103.8,37.27,98.3,2.2,Post-Workout
79.7,36.5,82,0.6,Hypoxia
104.4,37.27,98.3,2.2,Post-Workout
106.5,37.26,97.6,2.3,Post-Workout
120.4,36.95,92.2,9.6,Seizure
99.3,37,97.5,5.4,Walking
152.8,37.49,95.6,9.2,Running
82.2,36.59,79.2,1,Hypoxia
69.2,36.68,98,2.2,Awake/Idle
101.8,37.3,96.8,1.8,Post-Workout
150.3,37.45,95.7,8.7,Running
104.7,37.22,97.4,2.4,Post-Workout
70.2,36.45,81.3,0.5,Hypoxia
54.4,36.37,97.6,0.6,Sleeping
151.3,37.41,94.8,9.2,Running
119.6,36.83,90.7,9.7,Seizure
77.8,36.54,79.7,1.2,Hypoxia
101.2,36.94,97.3,5.5,Walking
60,36.66,96.9,0.3,Meditation
115.4,36.9,91.2,9.6,Seizure
116.7,36.9,94.5,3.4,Stress/Panic
111.8,36.9,94.6,3,Stress/Panic
72,36.77,98.2,2.3,Awake/Idle
96.9,37,96.7,5.6,Walking
43.5,35.98,91.6,0.2,Fainting
94.1,37.03,97.6,6,Walking
80.9,36.33,82,0.6,Hypoxia
56.3,36.3,96.9,0.4,Sleeping
59.6,36.44,96.8,0.3,Sleeping
151.1,37.51,94.3,9.3,Running
95.3,37.03,97.2,5.4,Walking
96.9,36.97,97.6,5.4,Walking
96.8,36.89,98,5.4,Walking
85.6,36.51,77.9,1,Hypoxia
102.9,37.2,97.9,1.8,Post-Workout
115.4,36.84,94.8,3.6,Stress/Panic
99.9,36.94,97.6,5.7,Walking
79.8,36.47,80.1,0.8,Hypoxia
58.4,36.36,97.5,0.7,Sleeping
67.6,36.7,97,2.2,Awake/Idle
39,35.7,84,0.3,Unconscious
104.3,37.24,97.4,2.2,Post-Workout
42.3,35.94,84.5,0.7,Unconscious
56.4,36.46,97.5,0.4,Sleeping
105.8,37.25,97.7,2.6,Post-Workout
117.7,36.96,91.1,9.4,Seizure
72.6,36.74,97.9,2.3,Awake/Idle
156.1,37.43,96.3,9.1,Running
118.9,37,91.3,9.3,Seizure
112.5,36.89,94.7,3.9,Stress/Panic
97.1,36.86,97.7,5.4,Walking
68.5,36.69,97.1,1.6,Awake/Idle
77.6,36.47,80.8,1.3,Hypoxia
58.4,36.74,97.9,0.6,Meditation
92.9,36.93,98,5.8,Walking
108.4,37.23,97.3,2.1,Post-Workout
79.3,36.52,77.3,1.4,Hypoxia
114.9,36.82,93.9,3.5,Stress/Panic
102.1,37.2,98.5,2.3,Post-Workout
59.1,36.37,97.5,0.5,Sleeping
38.7,35.58,87.3,0.6,Unconscious
92.4,36.95,97.7,6.2,Walking
119.6,36.91,94.4,3.2,Stress/Panic
45.5,35.96,90.9,0.6,Fainting
113.8,36.91,94.4,2.8,Stress/Panic
41.8,35.8,85,0.6,Unconscious
93.3,36.94,97.5,5.4,Walking
94.2,37,98,5.2,Walking
56.2,36.25,97.1,0.4,Sleeping
42,36.12,88.9,0.4,Fainting
40.8,35.44,83.7,0.6,Unconscious
70.2,36.63,78.7,1.5,Hypoxia
106.5,37.27,96.2,1.9,Post-Workout
40.1,35.89,83.6,0.7,Unconscious
77.6,36.44,81.1,0.7,Hypoxia
117.8,36.99,91.2,9.3,Seizure
127.1,36.89,91.5,9.5,Seizure
147.9,37.58,95.3,8.7,Running
58.5,36.69,97.5,0.6,Meditation
102.6,37.15,97.9,1.7,Post-Workout
155.2,37.61,94.1,8.6,Running
157,37.56,94.6,9.4,Running
46.8,35.85,88.8,0.6,Fainting
72.8,36.76,97,2.2,Awake/Idle
52.2,36.01,90.1,0.7,Fainting
137.2,37.54,95.4,9.2,Running
111.6,36.75,94.8,3.6,Stress/Panic
39.9,36.02,83.6,0.6,Unconscious
70.1,36.8,96.8,1.8,Awake/Idle
58.3,36.27,97.8,0.6,Sleeping
147.2,37.53,93.9,9.3,Running
68,36.77,97.5,2.1,Awake/Idle
44.4,35.89,91.6,0.5,Fainting
151.2,37.51,94.8,8.6,Running
54.5,36.29,96.7,0.5,Sleeping
148.6,37.43,94.7,9.4,Running
96.4,36.95,97.8,5.8,Walking
74.9,36.7,78.8,0.5,Hypoxia
104.9,37.03,90.3,9.5,Seizure
103.1,37.24,96.3,1.8,Post-Workout
45.3,35.69,82.8,0.6,Unconscious
70.6,36.7,97.4,1.9,Awake/Idle
67.9,36.67,97.9,2.2,Awake/Idle
97,37.02,97.1,5.6,Walking
81.5,36.49,78.9,1.1,Hypoxia
59.2,36.73,98.2,0.5,Meditation
62.6,36.72,97.7,0.4,Meditation
117.7,36.91,95.2,3,Stress/Panic
59.5,36.7,97.2,0.6,Meditation
88.6,36.99,97.3,5.5,Walking
141.8,37.44,94.5,8.7,Running
57.9,36.73,97.6,0.6,Meditation
77.1,36.65,83.1,0.8,Hypoxia
42.9,36,90.8,0.6,Fainting
56.6,36.37,97.6,0.6,Sleeping
97.4,36.85,98.1,5.9,Walking
107.9,37.26,97.5,2.4,Post-Workout
47.3,35.97,89.1,0.4,Fainting
93.1,36.97,97.8,5.2,Walking
45.3,36.08,90.5,0.4,Fainting
56.6,36.3,97.7,0.8,Sleeping
44.8,35.99,88,0.7,Fainting
114.2,37.01,94.4,4,Stress/Panic
58,36.63,97.8,0.6,Meditation
93.6,36.98,98.2,5,Walking
71.3,36.72,97.6,1.6,Awake/Idle
46.5,35.95,90.6,0.3,Fainting
49.4,35.97,90.2,0.7,Fainting
42.9,35.86,85.5,0.7,Unconscious
136.4,37.53,94.7,8.8,Running
47.9,36.07,90,0.6,Fainting
74.6,36.78,98.5,2.1,Awake/Idle
116,36.84,95,3.5,Stress/Panic
114.9,36.83,95.1,4.1,Stress/Panic
42.9,35.99,90.7,0.6,Fainting
92.3,36.91,98,5.5,Walking
150.2,37.47,94.6,8.7,Running
34.7,35.7,86.3,0.3,Unconscious
41.1,35.66,85.4,0.3,Unconscious
105.5,37.25,97,2.2,Post-Workout
86,36.55,82.3,1.3,Hypoxia
68.8,36.79,97.7,2.3,Awake/Idle
111.7,36.87,94.7,4.1,Stress/Panic
60.8,36.29,97.5,0.5,Sleeping
67,36.71,97.9,1.7,Awake/Idle
58.4,36.31,97.6,0.7,Sleeping
57.7,36.7,96.5,0.3,Meditation
47.5,36.15,90.5,0.4,Fainting
60.3,36.52,98.2,0.6,Sleeping
112,36.95,94.1,3.3,Stress/Panic
101.3,37.25,98.1,1.8,Post-Workout
70,36.76,97.3,2.4,Awake/Idle
41.8,35.6,84.2,0.3,Unconscious
60.3,36.73,97.9,0.7,Meditation
117,36.87,93.8,4,Stress/Panic
91.3,37.08,97.8,6,Walking
58,36.69,97.3,0.5,Meditation
112.7,36.79,93.6,3.9,Stress/Panic
150,37.46,93.8,9,Running
142,37.46,95.3,9,Running
98.4,37.21,97.8,1.6,Post-Workout
60.7,36.73,97.7,0.5,Meditation
72.3,36.75,98.1,2.3,Awake/Idle
104.4,37.3,97.1,1.6,Post-Workout
55.6,36.3,97.5,0.4,Sleeping
60.1,36.7,97.6,0.5,Meditation
61.2,36.74,97.9,0.6,Meditation
80.4,36.49,81.7,0.9,Hypoxia
46.9,35.85,88.7,0.7,Fainting
117.3,36.78,94.1,3.3,Stress/Panic
59.9,36.71,97.1,0.7,Meditation
112.2,36.84,93.9,3.4,Stress/Panic
78.7,36.5,81.9,1.5,Hypoxia
144,37.53,95.8,9,Running
38.5,35.7,86.2,0.8,Unconscious
147.8,37.49,95.6,8.9,Running
60.5,36.32,97.4,0.4,Sleeping
66.4,36.75,97.8,2.4,Awake/Idle
103.3,37.28,96.6,1.5,Post-Workout
58.7,36.39,98,0.5,Sleeping
59.1,36.36,97.5,0.9,Sleeping
69.8,36.76,97.2,2.3,Awake/Idle
78.4,36.55,78.3,1.2,Hypoxia
107,37.29,97.3,1.7,Post-Workout
94.5,36.96,98.4,5.8,Walking
41.8,35.81,87.3,0.7,Unconscious
59,36.36,97.4,0.5,Sleeping
93.1,36.97,96.5,5.8,Walking
47.7,35.83,90.3,0.3,Fainting
94.6,36.91,97.1,5.4,Walking
68.7,36.7,97.1,2.4,Awake/Idle
59.7,36.39,97.5,0.7,Sleeping
117.7,36.92,90.7,9.6,Seizure
